date,description,amount,category,due_date
2025-10-01,FOOD SPEND,-1436.69,food,
2025-10-03,TRANSPORT SPEND,-1105.35,transport,
2025-10-04,FOOD SPEND,-2437.18,food,
2025-10-07,TRANSPORT SPEND,-1120.7,transport,
2025-10-09,RENT PAYMENT,-7040.0,rent,2025-10-05
2025-10-12,UTILITIES PAYMENT,-1311.84,utilities,2025-10-15
2025-10-14,INCOME CREDIT,35435.6,income,
2025-10-14,FOOD SPEND,-107.16,food,
2025-10-15,FOOD SPEND,-673.95,food,
2025-10-16,MOBILE PAYMENT,-640.0,mobile,2025-10-20
2025-10-21,SHOPPING SPEND,-1216.05,shopping,
2025-10-24,SHOPPING SPEND,-840.38,shopping,
2025-10-25,TRANSFER TO SAVINGS,-1527.13,savings,
2025-10-28,TRANSPORT SPEND,-2255.51,transport,
2025-11-01,FOOD SPEND,-502.64,food,
2025-11-01,FOOD SPEND,-281.97,food,
2025-11-04,FOOD SPEND,-240.04,food,
2025-11-05,RENT PAYMENT,-7040.0,rent,2025-11-05
2025-11-07,FOOD SPEND,-155.65,food,
2025-11-09,SHOPPING SPEND,-1109.43,shopping,
2025-11-09,FOOD SPEND,-50.57,food,
2025-11-11,SUBSCRIPTION SPEND,-780.6,subscription,
2025-11-12,FOOD SPEND,-10.9,food,
2025-11-14,UTILITIES PAYMENT,-985.94,utilities,2025-11-15
2025-11-14,TRANSPORT SPEND,-208.87,transport,
2025-11-16,MOBILE PAYMENT,-640.0,mobile,2025-11-20
2025-11-17,TRANSPORT SPEND,-54.01,transport,
2025-11-18,INCOME CREDIT,34603.39,income,
2025-11-19,SHOPPING SPEND,-818.78,shopping,
2025-11-20,FOOD SPEND,-2669.65,food,
2025-11-22,FOOD SPEND,-448.36,food,
2025-11-23,FOOD SPEND,-220.8,food,
2025-11-25,TRANSFER TO SAVINGS,-1218.97,savings,
2025-11-27,FOOD SPEND,-547.44,food,
2025-12-01,FOOD SPEND,-2316.04,food,
2025-12-03,RENT PAYMENT,-7040.0,rent,2025-12-05
2025-12-05,FOOD SPEND,-1391.26,food,
2025-12-07,FOOD SPEND,-555.34,food,
2025-12-09,INCOME CREDIT,35848.94,income,
2025-12-11,SHOPPING SPEND,-1163.61,shopping,
2025-12-13,UTILITIES PAYMENT,-1192.34,utilities,2025-12-15
2025-12-14,FOOD SPEND,-57.09,food,
2025-12-16,MOBILE PAYMENT,-640.0,mobile,2025-12-20
2025-12-16,SHOPPING SPEND,-803.91,shopping,
2025-12-18,FOOD SPEND,-633.21,food,
2025-12-24,FOOD SPEND,-1342.07,food,
2025-12-25,SHOPPING SPEND,-1321.84,shopping,
2025-12-25,TRANSFER TO SAVINGS,-3430.86,savings,
2026-01-01,RENT PAYMENT,-7040.0,rent,2026-01-05
2026-01-02,FOOD SPEND,-220.51,food,
2026-01-04,INCOME CREDIT,32053.01,income,
2026-01-08,SUBSCRIPTION SPEND,-1911.01,subscription,
2026-01-09,TRANSPORT SPEND,-1045.5,transport,
2026-01-10,SHOPPING SPEND,-182.26,shopping,
2026-01-11,SHOPPING SPEND,-1992.38,shopping,
2026-01-12,UTILITIES PAYMENT,-947.82,utilities,2026-01-15
2026-01-12,SHOPPING SPEND,-321.36,shopping,
2026-01-14,FOOD SPEND,-776.35,food,
2026-01-15,FOOD SPEND,-513.65,food,
2026-01-16,SHOPPING SPEND,-322.72,shopping,
2026-01-16,MOBILE PAYMENT,-640.0,mobile,2026-01-20
2026-01-17,SHOPPING SPEND,-191.64,shopping,
2026-01-18,FOOD SPEND,-382.2,food,
2026-01-18,FOOD SPEND,-46.73,food,
2026-01-20,FOOD SPEND,-2026.93,food,
2026-01-23,FOOD SPEND,-190.79,food,
2026-01-25,TRANSFER TO SAVINGS,-3969.85,savings,
2026-02-03,RENT PAYMENT,-7040.0,rent,2026-02-05
2026-02-04,FOOD SPEND,-390.12,food,
2026-02-04,SHOPPING SPEND,-405.58,shopping,
2026-02-05,FOOD SPEND,-1456.39,food,
2026-02-05,INCOME CREDIT,32767.87,income,
2026-02-06,SHOPPING SPEND,-864.61,shopping,
2026-02-08,FOOD SPEND,-1499.35,food,
2026-02-10,TRANSPORT SPEND,-766.17,transport,
2026-02-12,SHOPPING SPEND,-62.71,shopping,
2026-02-12,UTILITIES PAYMENT,-1184.9,utilities,2026-02-15
2026-02-13,SUBSCRIPTION SPEND,-633.06,subscription,
2026-02-17,MOBILE PAYMENT,-640.0,mobile,2026-02-20
2026-02-18,FOOD SPEND,-475.83,food,
2026-02-21,FOOD SPEND,-1252.15,food,
2026-02-21,FOOD SPEND,-329.41,food,
2026-02-23,FOOD SPEND,-655.33,food,
2026-02-23,FOOD SPEND,-400.02,food,
2026-02-24,FOOD SPEND,-736.51,food,
2026-02-25,TRANSFER TO SAVINGS,-3702.34,savings,
2026-02-28,SHOPPING SPEND,-235.53,shopping,
2026-03-02,RENT PAYMENT,-7040.0,rent,2026-03-05
2026-03-02,TRANSPORT SPEND,-183.91,transport,
2026-03-02,FOOD SPEND,-2328.54,food,
2026-03-10,TRANSPORT SPEND,-778.34,transport,
2026-03-11,FOOD SPEND,-804.22,food,
2026-03-12,INCOME CREDIT,31703.73,income,
2026-03-13,UTILITIES PAYMENT,-1239.28,utilities,2026-03-15
2026-03-16,MOBILE PAYMENT,-640.0,mobile,2026-03-20
2026-03-19,FOOD SPEND,-924.64,food,
2026-03-20,SHOPPING SPEND,-4351.99,shopping,
2026-03-25,TRANSFER TO SAVINGS,-1291.86,savings,
2026-03-26,FOOD SPEND,-70.53,food,
2026-03-27,FOOD SPEND,-966.82,food,
2026-04-04,FOOD SPEND,-855.01,food,
2026-04-05,RENT PAYMENT,-7040.0,rent,2026-04-05
2026-04-05,SHOPPING SPEND,-353.82,shopping,
2026-04-06,FOOD SPEND,-1707.06,food,
2026-04-13,FOOD SPEND,-1510.73,food,
2026-04-14,UTILITIES PAYMENT,-1300.32,utilities,2026-04-15
2026-04-15,TRANSPORT SPEND,-443.04,transport,
2026-04-16,FOOD SPEND,-438.92,food,
2026-04-17,SHOPPING SPEND,-506.58,shopping,
2026-04-18,MOBILE PAYMENT,-640.0,mobile,2026-04-20
2026-04-22,FOOD SPEND,-482.73,food,
2026-04-22,INCOME CREDIT,34615.36,income,
2026-04-24,TRANSPORT SPEND,-4463.87,transport,
2026-04-25,TRANSFER TO SAVINGS,-2485.69,savings,
2026-04-26,TRANSPORT SPEND,-102.47,transport,
2026-05-02,SHOPPING SPEND,-65.34,shopping,
2026-05-04,RENT PAYMENT,-7040.0,rent,2026-05-05
2026-05-04,FOOD SPEND,-1003.88,food,
2026-05-06,SHOPPING SPEND,-709.26,shopping,
2026-05-11,FOOD SPEND,-757.37,food,
2026-05-11,FOOD SPEND,-184.74,food,
2026-05-12,UTILITIES PAYMENT,-909.14,utilities,2026-05-15
2026-05-14,INCOME CREDIT,30864.73,income,
2026-05-16,TRANSPORT SPEND,-2288.87,transport,
2026-05-17,MOBILE PAYMENT,-640.0,mobile,2026-05-20
2026-05-17,FOOD SPEND,-39.34,food,
2026-05-18,FOOD SPEND,-4.06,food,
2026-05-19,FOOD SPEND,-521.67,food,
2026-05-19,FOOD SPEND,-183.53,food,
2026-05-21,SUBSCRIPTION SPEND,-453.36,subscription,
2026-05-22,FOOD SPEND,-9.58,food,
2026-05-22,SHOPPING SPEND,-3036.25,shopping,
2026-05-25,TRANSFER TO SAVINGS,-4580.31,savings,
2026-06-01,RENT PAYMENT,-7040.0,rent,2026-06-05
2026-06-04,FOOD SPEND,-871.11,food,
2026-06-05,SHOPPING SPEND,-533.29,shopping,
2026-06-06,FOOD SPEND,-94.55,food,
2026-06-07,FOOD SPEND,-753.95,food,
2026-06-09,FOOD SPEND,-2044.5,food,
2026-06-10,FOOD SPEND,-327.25,food,
2026-06-11,FOOD SPEND,-175.53,food,
2026-06-11,SHOPPING SPEND,-12.78,shopping,
2026-06-12,UTILITIES PAYMENT,-984.97,utilities,2026-06-15
2026-06-18,TRANSPORT SPEND,-1164.61,transport,
2026-06-18,FOOD SPEND,-41.17,food,
2026-06-19,SUBSCRIPTION SPEND,-1267.88,subscription,
2026-06-20,MOBILE PAYMENT,-640.0,mobile,2026-06-20
2026-06-20,TRANSPORT SPEND,-28.09,transport,
2026-06-21,FOOD SPEND,-288.9,food,
2026-06-25,INCOME CREDIT,32450.92,income,
2026-06-25,TRANSFER TO SAVINGS,-3870.54,savings,
2026-06-26,FOOD SPEND,-1280.01,food,
2026-07-03,FOOD SPEND,-795.35,food,
2026-07-03,TRANSPORT SPEND,-932.51,transport,
2026-07-05,RENT PAYMENT,-7040.0,rent,2026-07-05
2026-07-07,FOOD SPEND,-95.34,food,
2026-07-08,SUBSCRIPTION SPEND,-254.14,subscription,
2026-07-13,FOOD SPEND,-2889.56,food,
2026-07-15,FOOD SPEND,-337.83,food,
2026-07-15,FOOD SPEND,-1203.36,food,
2026-07-15,UTILITIES PAYMENT,-1294.93,utilities,2026-07-15
2026-07-16,SUBSCRIPTION SPEND,-170.52,subscription,
2026-07-17,FOOD SPEND,-701.04,food,
2026-07-17,MOBILE PAYMENT,-640.0,mobile,2026-07-20
2026-07-18,SHOPPING SPEND,-605.75,shopping,
2026-07-19,SHOPPING SPEND,-170.08,shopping,
2026-07-20,FOOD SPEND,-872.94,food,
2026-07-23,TRANSPORT SPEND,-842.38,transport,
2026-07-25,SHOPPING SPEND,-342.61,shopping,
2026-07-27,FOOD SPEND,-1017.12,food,
2026-07-28,INCOME CREDIT,32958.19,income,
2026-08-02,RENT PAYMENT,-7040.0,rent,2026-08-05
2026-08-07,SHOPPING SPEND,-3248.05,shopping,
2026-08-08,FOOD SPEND,-193.13,food,
2026-08-10,FOOD SPEND,-69.78,food,
2026-08-11,SHOPPING SPEND,-253.93,shopping,
2026-08-12,FOOD SPEND,-90.16,food,
2026-08-13,SHOPPING SPEND,-428.1,shopping,
2026-08-13,TRANSPORT SPEND,-196.32,transport,
2026-08-14,FOOD SPEND,-3757.24,food,
2026-08-15,UTILITIES PAYMENT,-1219.65,utilities,2026-08-15
2026-08-23,INCOME CREDIT,30835.88,income,
2026-08-25,TRANSFER TO SAVINGS,-2205.9,savings,
2026-08-25,MOBILE PAYMENT,-640.0,mobile,2026-08-20
2026-08-27,FOOD SPEND,-2285.75,food,
2026-09-01,SHOPPING SPEND,-81.0,shopping,
2026-09-01,INCOME CREDIT,28492.08,income,
2026-09-03,TRANSPORT SPEND,-1958.68,transport,
2026-09-04,SUBSCRIPTION SPEND,-196.09,subscription,
2026-09-07,FOOD SPEND,-4187.96,food,
2026-09-08,RENT PAYMENT,-7040.0,rent,2026-09-05
2026-09-09,SUBSCRIPTION SPEND,-242.8,subscription,
2026-09-13,UTILITIES PAYMENT,-898.36,utilities,2026-09-15
2026-09-13,FOOD SPEND,-165.94,food,
2026-09-17,MOBILE PAYMENT,-640.0,mobile,2026-09-20
2026-09-25,TRANSFER TO SAVINGS,-3536.46,savings,
2026-09-26,SHOPPING SPEND,-772.69,shopping,
2026-09-26,FOOD SPEND,-894.33,food,
