HDFC BANK LTD,,,,
Statement of account for A/C XXXX1234,,,,
Period: 01/01/26 to 31/07/26,,,,
,,,,
Date,Narration,Chq./Ref.No.,Withdrawal Amt.,Deposit Amt.
01/01/26,NEFT-ACME TECH SALARY,0006054,,"27,831.00"
03/01/26,UPI-LANDLORD RAMESH RENT,0003961,"9,000.00",
06/01/26,BESCOM ELECTRICITY BILL,0002688,677.00,
08/01/26,AIRTEL PREPAID RECHARGE,0004078,299.00,
10/01/26,SWIGGY ORDER,0007101,502.00,
13/01/26,ZOMATO,0002596,583.00,
15/01/26,BIGBASKET GROCERY,0009974,949.00,
17/01/26,UBER TRIP,0002028,168.00,
19/01/26,NETFLIX SUBSCRIPTION,0001976,199.00,
21/01/26,AMAZON PAY SHOPPING,0004374,"2,181.00",
24/01/26,SIP MUTUAL FUND GROWW,0009133,"2,000.00",
26/01/26,BAJAJ FINSERV EMI,0009711,"1,800.00",
01/02/26,NEFT-ACME TECH SALARY,0008005,,"28,048.00"
03/02/26,UPI-LANDLORD RAMESH RENT,0006146,"9,000.00",
06/02/26,BESCOM ELECTRICITY BILL,0008628,648.00,
08/02/26,AIRTEL PREPAID RECHARGE,0008424,299.00,
10/02/26,SWIGGY ORDER,0006924,487.00,
13/02/26,ZOMATO,0005911,548.00,
15/02/26,BIGBASKET GROCERY,0005070,959.00,
17/02/26,UBER TRIP,0003945,382.00,
19/02/26,NETFLIX SUBSCRIPTION,0004999,199.00,
21/02/26,AMAZON PAY SHOPPING,0002341,"1,539.00",
24/02/26,SIP MUTUAL FUND GROWW,0005919,"2,000.00",
26/02/26,BAJAJ FINSERV EMI,0009604,"1,800.00",
01/03/26,NEFT-ACME TECH SALARY,0009111,,"27,719.00"
03/03/26,UPI-LANDLORD RAMESH RENT,0006627,"9,000.00",
06/03/26,BESCOM ELECTRICITY BILL,0008353,619.00,
08/03/26,AIRTEL PREPAID RECHARGE,0005717,299.00,
10/03/26,SWIGGY ORDER,0002199,344.00,
13/03/26,ZOMATO,0002934,472.00,
15/03/26,BIGBASKET GROCERY,0009387,"1,328.00",
17/03/26,UBER TRIP,0007850,167.00,
19/03/26,NETFLIX SUBSCRIPTION,0003702,199.00,
21/03/26,AMAZON PAY SHOPPING,0006604,992.00,
24/03/26,SIP MUTUAL FUND GROWW,0003490,"2,000.00",
26/03/26,BAJAJ FINSERV EMI,0009011,"1,800.00",
01/04/26,NEFT-ACME TECH SALARY,0007909,,"27,592.00"
03/04/26,UPI-LANDLORD RAMESH RENT,0001642,"9,000.00",
06/04/26,BESCOM ELECTRICITY BILL,0002271,882.00,
08/04/26,AIRTEL PREPAID RECHARGE,0006140,299.00,
10/04/26,SWIGGY ORDER,0006572,517.00,
13/04/26,ZOMATO,0006737,280.00,
15/04/26,BIGBASKET GROCERY,0009137,"1,746.00",
17/04/26,UBER TRIP,0008474,294.00,
19/04/26,NETFLIX SUBSCRIPTION,0002126,199.00,
21/04/26,AMAZON PAY SHOPPING,0002533,753.00,
24/04/26,SIP MUTUAL FUND GROWW,0005422,"2,000.00",
26/04/26,BAJAJ FINSERV EMI,0008767,"1,800.00",
01/05/26,NEFT-ACME TECH SALARY,0002064,,"28,470.00"
03/05/26,UPI-LANDLORD RAMESH RENT,0001994,"9,000.00",
06/05/26,BESCOM ELECTRICITY BILL,0006072,714.00,
08/05/26,AIRTEL PREPAID RECHARGE,0008301,299.00,
10/05/26,SWIGGY ORDER,0005662,622.00,
13/05/26,ZOMATO,0007320,571.00,
15/05/26,BIGBASKET GROCERY,0006685,"1,496.00",
17/05/26,UBER TRIP,0001369,392.00,
19/05/26,NETFLIX SUBSCRIPTION,0008564,199.00,
21/05/26,AMAZON PAY SHOPPING,0006823,626.00,
24/05/26,SIP MUTUAL FUND GROWW,0003753,"2,000.00",
26/05/26,BAJAJ FINSERV EMI,0002918,"1,800.00",
01/06/26,NEFT-ACME TECH SALARY,0009088,,"28,090.00"
03/06/26,UPI-LANDLORD RAMESH RENT,0001965,"9,000.00",
06/06/26,BESCOM ELECTRICITY BILL,0004575,899.00,
08/06/26,AIRTEL PREPAID RECHARGE,0005709,299.00,
10/06/26,SWIGGY ORDER,0003119,503.00,
13/06/26,ZOMATO,0005056,275.00,
15/06/26,BIGBASKET GROCERY,0007519,"1,126.00",
17/06/26,UBER TRIP,0007405,161.00,
19/06/26,NETFLIX SUBSCRIPTION,0009134,199.00,
21/06/26,AMAZON PAY SHOPPING,0002320,"1,640.00",
24/06/26,SIP MUTUAL FUND GROWW,0003725,"2,000.00",
26/06/26,BAJAJ FINSERV EMI,0008359,"1,800.00",
01/07/26,NEFT-ACME TECH SALARY,0007580,,"28,379.00"
03/07/26,UPI-LANDLORD RAMESH RENT,0005552,"9,000.00",
06/07/26,BESCOM ELECTRICITY BILL,0003243,668.00,
08/07/26,AIRTEL PREPAID RECHARGE,0008053,299.00,
10/07/26,SWIGGY ORDER,0005561,448.00,
13/07/26,ZOMATO,0007804,464.00,
15/07/26,BIGBASKET GROCERY,0006878,"1,047.00",
17/07/26,UBER TRIP,0007233,288.00,
19/07/26,NETFLIX SUBSCRIPTION,0004780,199.00,
21/07/26,AMAZON PAY SHOPPING,0003472,741.00,
24/07/26,SIP MUTUAL FUND GROWW,0002359,"2,000.00",
26/07/26,BAJAJ FINSERV EMI,0003887,"1,800.00",
