Txn Date,Description,Amount,Dr/Cr
02-Jan-2026,UPI/CR/RIDER PAYOUT UBER 2,5197,Cr
04-Jan-2026,UPI/DR/PG RENT,6500,Dr
05-Jan-2026,UPI/CR/RIDER PAYOUT UBER 5,4486,Cr
09-Jan-2026,UPI/CR/RIDER PAYOUT UBER 9,3246,Cr
10-Jan-2026,UPI/DR/JIO RECHARGE,349,Dr
12-Jan-2026,UPI/CR/RIDER PAYOUT UBER 12,2516,Cr
14-Jan-2026,UPI/DR/PETROL PUMP FUEL,2473,Dr
16-Jan-2026,UPI/CR/RIDER PAYOUT UBER 16,4689,Cr
18-Jan-2026,UPI/DR/ZOMATO,616,Dr
19-Jan-2026,UPI/CR/RIDER PAYOUT UBER 19,4819,Cr
22-Jan-2026,UPI/DR/GROCERY STORE,1470,Dr
23-Jan-2026,UPI/CR/RIDER PAYOUT UBER 23,3014,Cr
27-Jan-2026,UPI/CR/RIDER PAYOUT UBER 27,4611,Cr
02-Feb-2026,UPI/CR/RIDER PAYOUT UBER 2,2721,Cr
04-Feb-2026,UPI/DR/PG RENT,6500,Dr
05-Feb-2026,UPI/CR/RIDER PAYOUT UBER 5,6067,Cr
09-Feb-2026,UPI/CR/RIDER PAYOUT UBER 9,6082,Cr
10-Feb-2026,UPI/DR/JIO RECHARGE,349,Dr
12-Feb-2026,UPI/CR/RIDER PAYOUT UBER 12,4790,Cr
14-Feb-2026,UPI/DR/PETROL PUMP FUEL,1951,Dr
16-Feb-2026,UPI/CR/RIDER PAYOUT UBER 16,4134,Cr
18-Feb-2026,UPI/DR/ZOMATO,383,Dr
19-Feb-2026,UPI/CR/RIDER PAYOUT UBER 19,4472,Cr
22-Feb-2026,UPI/DR/GROCERY STORE,912,Dr
23-Feb-2026,UPI/CR/RIDER PAYOUT UBER 23,2754,Cr
27-Feb-2026,UPI/CR/RIDER PAYOUT UBER 27,3355,Cr
02-Mar-2026,UPI/CR/RIDER PAYOUT UBER 2,2715,Cr
04-Mar-2026,UPI/DR/PG RENT,6500,Dr
05-Mar-2026,UPI/CR/RIDER PAYOUT UBER 5,4821,Cr
09-Mar-2026,UPI/CR/RIDER PAYOUT UBER 9,2915,Cr
10-Mar-2026,UPI/DR/JIO RECHARGE,349,Dr
14-Mar-2026,UPI/DR/PETROL PUMP FUEL,1855,Dr
16-Mar-2026,UPI/CR/RIDER PAYOUT UBER 16,2788,Cr
18-Mar-2026,UPI/DR/ZOMATO,608,Dr
22-Mar-2026,UPI/DR/GROCERY STORE,1172,Dr
23-Mar-2026,UPI/CR/RIDER PAYOUT UBER 23,3108,Cr
27-Mar-2026,UPI/CR/RIDER PAYOUT UBER 27,6413,Cr
02-Apr-2026,UPI/CR/RIDER PAYOUT UBER 2,2972,Cr
04-Apr-2026,UPI/DR/PG RENT,6500,Dr
05-Apr-2026,UPI/CR/RIDER PAYOUT UBER 5,4408,Cr
09-Apr-2026,UPI/CR/RIDER PAYOUT UBER 9,3777,Cr
10-Apr-2026,UPI/DR/JIO RECHARGE,349,Dr
12-Apr-2026,UPI/CR/RIDER PAYOUT UBER 12,2918,Cr
14-Apr-2026,UPI/DR/PETROL PUMP FUEL,2474,Dr
16-Apr-2026,UPI/CR/RIDER PAYOUT UBER 16,5532,Cr
18-Apr-2026,UPI/DR/ZOMATO,570,Dr
19-Apr-2026,UPI/CR/RIDER PAYOUT UBER 19,5894,Cr
22-Apr-2026,UPI/DR/GROCERY STORE,1170,Dr
23-Apr-2026,UPI/CR/RIDER PAYOUT UBER 23,4614,Cr
27-Apr-2026,UPI/CR/RIDER PAYOUT UBER 27,6395,Cr
02-May-2026,UPI/CR/RIDER PAYOUT UBER 2,4724,Cr
04-May-2026,UPI/DR/PG RENT,6500,Dr
09-May-2026,UPI/CR/RIDER PAYOUT UBER 9,3720,Cr
10-May-2026,UPI/DR/JIO RECHARGE,349,Dr
14-May-2026,UPI/DR/PETROL PUMP FUEL,1728,Dr
18-May-2026,UPI/DR/ZOMATO,572,Dr
19-May-2026,UPI/CR/RIDER PAYOUT UBER 19,3569,Cr
22-May-2026,UPI/DR/GROCERY STORE,1354,Dr
23-May-2026,UPI/CR/RIDER PAYOUT UBER 23,6220,Cr
27-May-2026,UPI/CR/RIDER PAYOUT UBER 27,5661,Cr
02-Jun-2026,UPI/CR/RIDER PAYOUT UBER 2,3850,Cr
04-Jun-2026,UPI/DR/PG RENT,6500,Dr
05-Jun-2026,UPI/CR/RIDER PAYOUT UBER 5,5011,Cr
09-Jun-2026,UPI/CR/RIDER PAYOUT UBER 9,5606,Cr
10-Jun-2026,UPI/DR/JIO RECHARGE,349,Dr
14-Jun-2026,UPI/DR/PETROL PUMP FUEL,1529,Dr
16-Jun-2026,UPI/CR/RIDER PAYOUT UBER 16,5851,Cr
18-Jun-2026,UPI/DR/ZOMATO,314,Dr
19-Jun-2026,UPI/CR/RIDER PAYOUT UBER 19,5790,Cr
22-Jun-2026,UPI/DR/GROCERY STORE,1086,Dr
23-Jun-2026,UPI/CR/RIDER PAYOUT UBER 23,4620,Cr
27-Jun-2026,UPI/CR/RIDER PAYOUT UBER 27,5494,Cr
